{
  "v": "5.7.3",
  "fr": 29.9700012207031,
  "ip": 0,
  "op": 90.0000036657751,
  "w": 360,
  "h": 360,
  "nm": "05",
  "ddd": 0,
  "assets": [],
  "layers": [
    {
      "ddd": 0,
      "ind": 1,
      "ty": 4,
      "nm": "Circle Outlines",
      "sr": 1,
      "ks": {
        "o": { "a": 0, "k": 100, "ix": 11 },
        "r": { "a": 0, "k": 0, "ix": 10 },
        "p": {
          "a": 1,
          "k": [
            {
              "i": { "x": 0.667, "y": 1 },
              "o": { "x": 0.333, "y": 0 },
              "t": 1,
              "s": [219.17, 171.394, 0],
              "to": [0, -4.167, 0],
              "ti": [0, 0, 0]
            },
            {
              "i": { "x": 0.667, "y": 1 },
              "o": { "x": 0.333, "y": 0 },
              "t": 11,
              "s": [219.17, 146.394, 0],
              "to": [0, 0, 0],
              "ti": [0, 0, 0]
            },
            {
              "i": { "x": 0.667, "y": 1 },
              "o": { "x": 0.333, "y": 0 },
              "t": 24,
              "s": [219.17, 171.394, 0],
              "to": [0, 0, 0],
              "ti": [0, 0, 0]
            },
            {
              "i": { "x": 0.667, "y": 0.686 },
              "o": { "x": 0.333, "y": 0 },
              "t": 32.909,
              "s": [219.17, 146.394, 0],
              "to": [0, 0, 0],
              "ti": [0, 0, 0]
            },
            {
              "i": { "x": 0.667, "y": 1 },
              "o": { "x": 0.333, "y": 0.607 },
              "t": 43,
              "s": [219.17, 168.057, 0],
              "to": [0, 0, 0],
              "ti": [0, 0, 0]
            },
            {
              "i": { "x": 0.667, "y": 1 },
              "o": { "x": 0.333, "y": 0 },
              "t": 46,
              "s": [219.17, 171.394, 0],
              "to": [0, 0, 0],
              "ti": [0, 0, 0]
            },
            {
              "i": { "x": 0.667, "y": 1 },
              "o": { "x": 0.333, "y": 0 },
              "t": 55,
              "s": [219.17, 146.394, 0],
              "to": [0, 0, 0],
              "ti": [0, 0, 0]
            },
            {
              "i": { "x": 0.667, "y": 1 },
              "o": { "x": 0.333, "y": 0 },
              "t": 71,
              "s": [219.17, 171.394, 0],
              "to": [0, 0, 0],
              "ti": [0, 0, 0]
            },
            {
              "i": { "x": 0.667, "y": 1 },
              "o": { "x": 0.333, "y": 0 },
              "t": 78.909,
              "s": [219.17, 146.394, 0],
              "to": [0, 0, 0],
              "ti": [0, -4.167, 0]
            },
            { "t": 88.7275036139452, "s": [219.17, 171.394, 0] }
          ],
          "ix": 2
        },
        "a": { "a": 0, "k": [216.42, 172.269, 0], "ix": 1 },
        "s": { "a": 0, "k": [100, 100, 100], "ix": 6 }
      },
      "ao": 0,
      "ef": [
        {
          "ty": 5,
          "nm": "Gradient Ramp",
          "np": 10,
          "mn": "ADBE Ramp",
          "ix": 1,
          "en": 1,
          "ef": [
            {
              "ty": 3,
              "nm": "Start of Ramp",
              "mn": "ADBE Ramp-0001",
              "ix": 1,
              "v": { "a": 0, "k": [203.5, 146], "ix": 1 }
            },
            {
              "ty": 2,
              "nm": "Start Color",
              "mn": "ADBE Ramp-0002",
              "ix": 2,
              "v": { "a": 0, "k": [0, 0.776470422745, 1, 1], "ix": 2 }
            },
            {
              "ty": 3,
              "nm": "End of Ramp",
              "mn": "ADBE Ramp-0003",
              "ix": 3,
              "v": { "a": 0, "k": [230.25, 176.5], "ix": 3 }
            },
            {
              "ty": 2,
              "nm": "End Color",
              "mn": "ADBE Ramp-0004",
              "ix": 4,
              "v": { "a": 0, "k": [0, 0.188235223293, 1, 1], "ix": 4 }
            },
            {
              "ty": 7,
              "nm": "Ramp Shape",
              "mn": "ADBE Ramp-0005",
              "ix": 5,
              "v": { "a": 0, "k": 1, "ix": 5 }
            },
            {
              "ty": 0,
              "nm": "Ramp Scatter",
              "mn": "ADBE Ramp-0006",
              "ix": 6,
              "v": { "a": 0, "k": 0, "ix": 6 }
            },
            {
              "ty": 0,
              "nm": "Blend With Original",
              "mn": "ADBE Ramp-0007",
              "ix": 7,
              "v": { "a": 0, "k": 0, "ix": 7 }
            },
            { "ty": 6, "nm": "", "mn": "ADBE Ramp-0008", "ix": 8, "v": 0 }
          ]
        }
      ],
      "shapes": [
        {
          "ty": "gr",
          "it": [
            {
              "ind": 0,
              "ty": "sh",
              "ix": 1,
              "ks": {
                "a": 0,
                "k": {
                  "i": [
                    [0, -5.992],
                    [5.993, 0],
                    [0, 5.992],
                    [-5.992, 0]
                  ],
                  "o": [
                    [0, 5.992],
                    [-5.992, 0],
                    [0, -5.992],
                    [5.993, 0]
                  ],
                  "v": [
                    [10.85, 0],
                    [-0.001, 10.85],
                    [-10.85, 0],
                    [-0.001, -10.85]
                  ],
                  "c": true
                },
                "ix": 2
              },
              "nm": "Path 1",
              "mn": "ADBE Vector Shape - Group",
              "hd": false
            },
            {
              "ty": "fl",
              "c": {
                "a": 0,
                "k": [0.200139707678, 0.200139662799, 0.200139677758, 1],
                "ix": 4
              },
              "o": { "a": 0, "k": 100, "ix": 5 },
              "r": 1,
              "bm": 0,
              "nm": "Fill 1",
              "mn": "ADBE Vector Graphic - Fill",
              "hd": false
            },
            {
              "ty": "tr",
              "p": { "a": 0, "k": [216.42, 172.269], "ix": 2 },
              "a": { "a": 0, "k": [0, 0], "ix": 1 },
              "s": { "a": 0, "k": [100, 100], "ix": 3 },
              "r": { "a": 0, "k": 0, "ix": 6 },
              "o": { "a": 0, "k": 100, "ix": 7 },
              "sk": { "a": 0, "k": 0, "ix": 4 },
              "sa": { "a": 0, "k": 0, "ix": 5 },
              "nm": "Transform"
            }
          ],
          "nm": "Group 1",
          "np": 2,
          "cix": 2,
          "bm": 0,
          "ix": 1,
          "mn": "ADBE Vector Group",
          "hd": false
        }
      ],
      "ip": 1.00000004073083,
      "op": 901.000036698482,
      "st": 1.00000004073083,
      "bm": 0
    },
    {
      "ddd": 0,
      "ind": 2,
      "ty": 4,
      "nm": "Circle 01 Outlines",
      "sr": 1,
      "ks": {
        "o": { "a": 0, "k": 100, "ix": 11 },
        "r": { "a": 0, "k": 0, "ix": 10 },
        "p": {
          "a": 1,
          "k": [
            {
              "i": { "x": 0.667, "y": 1 },
              "o": { "x": 0.333, "y": 0 },
              "t": 8,
              "s": [181.17, 171.394, 0],
              "to": [0, -4.167, 0],
              "ti": [0, 0, 0]
            },
            {
              "i": { "x": 0.667, "y": 1 },
              "o": { "x": 0.333, "y": 0 },
              "t": 18,
              "s": [181.17, 146.394, 0],
              "to": [0, 0, 0],
              "ti": [0, 0, 0]
            },
            {
              "i": { "x": 0.667, "y": 1 },
              "o": { "x": 0.333, "y": 0 },
              "t": 31,
              "s": [181.17, 171.394, 0],
              "to": [0, 0, 0],
              "ti": [0, 0, 0]
            },
            {
              "i": { "x": 0.667, "y": 1 },
              "o": { "x": 0.333, "y": 0 },
              "t": 39.909,
              "s": [181.17, 146.394, 0],
              "to": [0, 0, 0],
              "ti": [0, 0, 0]
            },
            {
              "i": { "x": 0.667, "y": 1 },
              "o": { "x": 0.333, "y": 0 },
              "t": 53,
              "s": [181.17, 171.394, 0],
              "to": [0, 0, 0],
              "ti": [0, 0, 0]
            },
            {
              "i": { "x": 0.667, "y": 1 },
              "o": { "x": 0.333, "y": 0 },
              "t": 62,
              "s": [181.17, 146.394, 0],
              "to": [0, 0, 0],
              "ti": [0, 0, 0]
            },
            {
              "i": { "x": 0.667, "y": 1 },
              "o": { "x": 0.333, "y": 0 },
              "t": 78,
              "s": [181.17, 171.394, 0],
              "to": [0, 0, 0],
              "ti": [0, 0, 0]
            },
            {
              "i": { "x": 0.667, "y": 1 },
              "o": { "x": 0.333, "y": 0 },
              "t": 85.909,
              "s": [181.17, 146.394, 0],
              "to": [0, 0, 0],
              "ti": [0, -4.167, 0]
            },
            { "t": 95.727503899061, "s": [181.17, 171.394, 0] }
          ],
          "ix": 2
        },
        "a": { "a": 0, "k": [180.949, 172.269, 0], "ix": 1 },
        "s": { "a": 0, "k": [100, 100, 100], "ix": 6 }
      },
      "ao": 0,
      "ef": [
        {
          "ty": 5,
          "nm": "Gradient Ramp",
          "np": 10,
          "mn": "ADBE Ramp",
          "ix": 1,
          "en": 1,
          "ef": [
            {
              "ty": 3,
              "nm": "Start of Ramp",
              "mn": "ADBE Ramp-0001",
              "ix": 1,
              "v": { "a": 0, "k": [168, 136.5], "ix": 1 }
            },
            {
              "ty": 2,
              "nm": "Start Color",
              "mn": "ADBE Ramp-0002",
              "ix": 2,
              "v": { "a": 0, "k": [0, 0.776470422745, 1, 1], "ix": 2 }
            },
            {
              "ty": 3,
              "nm": "End of Ramp",
              "mn": "ADBE Ramp-0003",
              "ix": 3,
              "v": { "a": 0, "k": [191.25, 161.5], "ix": 3 }
            },
            {
              "ty": 2,
              "nm": "End Color",
              "mn": "ADBE Ramp-0004",
              "ix": 4,
              "v": { "a": 0, "k": [0, 0.188235223293, 1, 1], "ix": 4 }
            },
            {
              "ty": 7,
              "nm": "Ramp Shape",
              "mn": "ADBE Ramp-0005",
              "ix": 5,
              "v": { "a": 0, "k": 1, "ix": 5 }
            },
            {
              "ty": 0,
              "nm": "Ramp Scatter",
              "mn": "ADBE Ramp-0006",
              "ix": 6,
              "v": { "a": 0, "k": 0, "ix": 6 }
            },
            {
              "ty": 0,
              "nm": "Blend With Original",
              "mn": "ADBE Ramp-0007",
              "ix": 7,
              "v": { "a": 0, "k": 0, "ix": 7 }
            },
            { "ty": 6, "nm": "", "mn": "ADBE Ramp-0008", "ix": 8, "v": 0 }
          ]
        }
      ],
      "shapes": [
        {
          "ty": "gr",
          "it": [
            {
              "ind": 0,
              "ty": "sh",
              "ix": 1,
              "ks": {
                "a": 0,
                "k": {
                  "i": [
                    [0, -5.992],
                    [5.993, 0],
                    [0, 5.992],
                    [-5.992, 0]
                  ],
                  "o": [
                    [0, 5.992],
                    [-5.992, 0],
                    [0, -5.992],
                    [5.993, 0]
                  ],
                  "v": [
                    [10.85, 0],
                    [-0.001, 10.85],
                    [-10.85, 0],
                    [-0.001, -10.85]
                  ],
                  "c": true
                },
                "ix": 2
              },
              "nm": "Path 1",
              "mn": "ADBE Vector Shape - Group",
              "hd": false
            },
            {
              "ty": "fl",
              "c": {
                "a": 0,
                "k": [0.200139707678, 0.200139662799, 0.200139677758, 1],
                "ix": 4
              },
              "o": { "a": 0, "k": 100, "ix": 5 },
              "r": 1,
              "bm": 0,
              "nm": "Fill 1",
              "mn": "ADBE Vector Graphic - Fill",
              "hd": false
            },
            {
              "ty": "tr",
              "p": { "a": 0, "k": [180.949, 172.269], "ix": 2 },
              "a": { "a": 0, "k": [0, 0], "ix": 1 },
              "s": { "a": 0, "k": [100, 100], "ix": 3 },
              "r": { "a": 0, "k": 0, "ix": 6 },
              "o": { "a": 0, "k": 100, "ix": 7 },
              "sk": { "a": 0, "k": 0, "ix": 4 },
              "sa": { "a": 0, "k": 0, "ix": 5 },
              "nm": "Transform"
            }
          ],
          "nm": "Group 1",
          "np": 2,
          "cix": 2,
          "bm": 0,
          "ix": 1,
          "mn": "ADBE Vector Group",
          "hd": false
        }
      ],
      "ip": 8.00000032584668,
      "op": 903.000036779944,
      "st": 3.00000012219251,
      "bm": 0
    },
    {
      "ddd": 0,
      "ind": 3,
      "ty": 4,
      "nm": "Circle 02 Outlines",
      "sr": 1,
      "ks": {
        "o": { "a": 0, "k": 100, "ix": 11 },
        "r": { "a": 0, "k": 0, "ix": 10 },
        "p": {
          "a": 1,
          "k": [
            {
              "i": { "x": 0.667, "y": 1 },
              "o": { "x": 0.333, "y": 0 },
              "t": 17,
              "s": [144.17, 171.394, 0],
              "to": [0, -4.167, 0],
              "ti": [0, 0, 0]
            },
            {
              "i": { "x": 0.667, "y": 1 },
              "o": { "x": 0.333, "y": 0 },
              "t": 27,
              "s": [144.17, 146.394, 0],
              "to": [0, 0, 0],
              "ti": [0, 0, 0]
            },
            {
              "i": { "x": 0.667, "y": 1 },
              "o": { "x": 0.333, "y": 0 },
              "t": 40,
              "s": [144.17, 171.394, 0],
              "to": [0, 0, 0],
              "ti": [0, 0, 0]
            },
            {
              "i": { "x": 0.667, "y": 1 },
              "o": { "x": 0.333, "y": 0 },
              "t": 48.909,
              "s": [144.17, 146.394, 0],
              "to": [0, 0, 0],
              "ti": [0, 0, 0]
            },
            {
              "i": { "x": 0.667, "y": 1 },
              "o": { "x": 0.333, "y": 0 },
              "t": 62,
              "s": [144.17, 171.394, 0],
              "to": [0, 0, 0],
              "ti": [0, 0, 0]
            },
            {
              "i": { "x": 0.667, "y": 1 },
              "o": { "x": 0.333, "y": 0 },
              "t": 71,
              "s": [144.17, 146.394, 0],
              "to": [0, 0, 0],
              "ti": [0, 0, 0]
            },
            {
              "i": { "x": 0.667, "y": 1 },
              "o": { "x": 0.333, "y": 0 },
              "t": 87,
              "s": [144.17, 171.394, 0],
              "to": [0, 0, 0],
              "ti": [0, 0, 0]
            },
            {
              "i": { "x": 0.667, "y": 1 },
              "o": { "x": 0.333, "y": 0 },
              "t": 94.909,
              "s": [144.17, 146.394, 0],
              "to": [0, 0, 0],
              "ti": [0, -4.167, 0]
            },
            { "t": 104.727504265639, "s": [144.17, 171.394, 0] }
          ],
          "ix": 2
        },
        "a": { "a": 0, "k": [143.393, 172.269, 0], "ix": 1 },
        "s": { "a": 0, "k": [100, 100, 100], "ix": 6 }
      },
      "ao": 0,
      "ef": [
        {
          "ty": 5,
          "nm": "Gradient Ramp",
          "np": 10,
          "mn": "ADBE Ramp",
          "ix": 1,
          "en": 1,
          "ef": [
            {
              "ty": 3,
              "nm": "Start of Ramp",
              "mn": "ADBE Ramp-0001",
              "ix": 1,
              "v": { "a": 0, "k": [128, 137.5], "ix": 1 }
            },
            {
              "ty": 2,
              "nm": "Start Color",
              "mn": "ADBE Ramp-0002",
              "ix": 2,
              "v": { "a": 0, "k": [0, 0.776470422745, 1, 1], "ix": 2 }
            },
            {
              "ty": 3,
              "nm": "End of Ramp",
              "mn": "ADBE Ramp-0003",
              "ix": 3,
              "v": { "a": 0, "k": [158.75, 167], "ix": 3 }
            },
            {
              "ty": 2,
              "nm": "End Color",
              "mn": "ADBE Ramp-0004",
              "ix": 4,
              "v": { "a": 0, "k": [0, 0.188235223293, 1, 1], "ix": 4 }
            },
            {
              "ty": 7,
              "nm": "Ramp Shape",
              "mn": "ADBE Ramp-0005",
              "ix": 5,
              "v": { "a": 0, "k": 1, "ix": 5 }
            },
            {
              "ty": 0,
              "nm": "Ramp Scatter",
              "mn": "ADBE Ramp-0006",
              "ix": 6,
              "v": { "a": 0, "k": 0, "ix": 6 }
            },
            {
              "ty": 0,
              "nm": "Blend With Original",
              "mn": "ADBE Ramp-0007",
              "ix": 7,
              "v": { "a": 0, "k": 0, "ix": 7 }
            },
            { "ty": 6, "nm": "", "mn": "ADBE Ramp-0008", "ix": 8, "v": 0 }
          ]
        }
      ],
      "shapes": [
        {
          "ty": "gr",
          "it": [
            {
              "ind": 0,
              "ty": "sh",
              "ix": 1,
              "ks": {
                "a": 0,
                "k": {
                  "i": [
                    [0, -5.992],
                    [5.993, 0],
                    [0, 5.992],
                    [-5.992, 0]
                  ],
                  "o": [
                    [0, 5.992],
                    [-5.992, 0],
                    [0, -5.992],
                    [5.993, 0]
                  ],
                  "v": [
                    [10.85, 0],
                    [-0.001, 10.85],
                    [-10.85, 0],
                    [-0.001, -10.85]
                  ],
                  "c": true
                },
                "ix": 2
              },
              "nm": "Path 1",
              "mn": "ADBE Vector Shape - Group",
              "hd": false
            },
            {
              "ty": "fl",
              "c": {
                "a": 0,
                "k": [0.200139707678, 0.200139662799, 0.200139677758, 1],
                "ix": 4
              },
              "o": { "a": 0, "k": 100, "ix": 5 },
              "r": 1,
              "bm": 0,
              "nm": "Fill 1",
              "mn": "ADBE Vector Graphic - Fill",
              "hd": false
            },
            {
              "ty": "tr",
              "p": { "a": 0, "k": [143.393, 172.269], "ix": 2 },
              "a": { "a": 0, "k": [0, 0], "ix": 1 },
              "s": { "a": 0, "k": [100, 100], "ix": 3 },
              "r": { "a": 0, "k": 0, "ix": 6 },
              "o": { "a": 0, "k": 100, "ix": 7 },
              "sk": { "a": 0, "k": 0, "ix": 4 },
              "sa": { "a": 0, "k": 0, "ix": 5 },
              "nm": "Transform"
            }
          ],
          "nm": "Group 1",
          "np": 2,
          "cix": 2,
          "bm": 0,
          "ix": 1,
          "mn": "ADBE Vector Group",
          "hd": false
        }
      ],
      "ip": 16.0000006516934,
      "op": 904.000036820675,
      "st": 4.00000016292334,
      "bm": 0
    },
    {
      "ddd": 0,
      "ind": 4,
      "ty": 4,
      "nm": "Layer 5 Outlines",
      "sr": 1,
      "ks": {
        "o": { "a": 0, "k": 100, "ix": 11 },
        "r": { "a": 0, "k": 0, "ix": 10 },
        "p": { "a": 0, "k": [180, 180, 0], "ix": 2 },
        "a": { "a": 0, "k": [180, 180, 0], "ix": 1 },
        "s": { "a": 0, "k": [100, 100, 100], "ix": 6 }
      },
      "ao": 0,
      "shapes": [
        {
          "ty": "gr",
          "it": [
            {
              "ind": 0,
              "ty": "sh",
              "ix": 1,
              "ks": {
                "a": 0,
                "k": {
                  "i": [
                    [0, 0],
                    [0, 0],
                    [0, 0],
                    [0, 0]
                  ],
                  "o": [
                    [0, 0],
                    [0, 0],
                    [0, 0],
                    [0, 0]
                  ],
                  "v": [
                    [-179.924, 179.678],
                    [179.924, 179.678],
                    [179.924, -179.678],
                    [-179.924, -179.678]
                  ],
                  "c": true
                },
                "ix": 2
              },
              "nm": "Path 1",
              "mn": "ADBE Vector Shape - Group",
              "hd": false
            },
            {
              "ty": "fl",
              "c": {
                "a": 0,
                "k": [0.999999880323, 0.999999820485, 0.999999880323, 1],
                "ix": 4
              },
              "o": { "a": 0, "k": 100, "ix": 5 },
              "r": 1,
              "bm": 0,
              "nm": "Fill 1",
              "mn": "ADBE Vector Graphic - Fill",
              "hd": false
            },
            {
              "ty": "tr",
              "p": { "a": 0, "k": [180.076, 180.322], "ix": 2 },
              "a": { "a": 0, "k": [0, 0], "ix": 1 },
              "s": { "a": 0, "k": [100, 100], "ix": 3 },
              "r": { "a": 0, "k": 0, "ix": 6 },
              "o": { "a": 0, "k": 100, "ix": 7 },
              "sk": { "a": 0, "k": 0, "ix": 4 },
              "sa": { "a": 0, "k": 0, "ix": 5 },
              "nm": "Transform"
            }
          ],
          "nm": "Group 1",
          "np": 2,
          "cix": 2,
          "bm": 0,
          "ix": 1,
          "mn": "ADBE Vector Group",
          "hd": false
        }
      ],
      "ip": 0,
      "op": 900.000036657751,
      "st": 0,
      "bm": 0
    }
  ],
  "markers": []
}
